config,ap50,ap50_sd,ap5095,ap5095_sd,prec,prec_sd,rec,rec_sd,delta
Full FireSmokeGenNet,80.88,0.7,53.1,0.68,84.7,0.57,76.3,0.71,0.0
Without MRDL,77.18,0.74,42.95,0.71,79.62,0.69,71.83,0.77,-3.7
Standard consistency loss,78.36,0.68,46.72,0.65,81.08,0.61,72.96,0.7,-2.52
Boundary-weighted loss,79.04,0.66,48.85,0.64,82.14,0.58,73.88,0.68,-1.84
Gradient loss,78.71,0.72,47.96,0.7,81.72,0.64,73.42,0.73,-2.17
Dilation-only MRDL,79.46,0.69,50.12,0.66,82.83,0.6,74.56,0.71,-1.42
Erosion-only MRDL,79.29,0.71,49.76,0.69,82.51,0.63,74.31,0.72,-1.59
Conventional cross-attention,76.02,0.79,41.38,0.76,78.35,0.71,70.44,0.81,-4.86
Concatenation fusion,75.61,0.82,40.64,0.8,77.92,0.75,69.86,0.84,-5.27
